{
  "training_times": {
    "exit": 0.6267538070678711
  },
  "optimization_times": {},
  "total_time": 0.6267538070678711
}