{
  "training_times": {
    "exit": 0.32591700553894043
  },
  "optimization_times": {},
  "total_time": 0.32591700553894043
}