{
  "training_times": {
    "exit": 0.2512385845184326
  },
  "optimization_times": {},
  "total_time": 0.2512385845184326
}