{
  "training_times": {
    "exit": 0.276470422744751
  },
  "optimization_times": {},
  "total_time": 0.276470422744751
}