{
  "feature_names": [
    "return_1d",
    "return_5d",
    "return_10d",
    "close_ma5_ratio",
    "close_ma10_ratio",
    "close_ma20_ratio",
    "ma5_ma20_ratio",
    "volatility_5d",
    "volatility_10d",
    "volatility_20d",
    "volume_1d",
    "volume_ma5",
    "volume_ma10",
    "volume_ratio_5d",
    "volume_ratio_10d",
    "volume_trend_5d",
    "daily_range",
    "daily_range_avg_5d",
    "body_size",
    "body_size_avg_5d",
    "upper_shadow",
    "lower_shadow",
    "is_bullish",
    "gap_pct",
    "rsi",
    "macd",
    "macd_signal",
    "macd_hist",
    "bb_width",
    "percent_b"
  ],
  "feature_importance": {
    "return_1d": 0.012877656048237008,
    "return_5d": 0.024605530752992932,
    "return_10d": 0.015367306332592002,
    "close_ma5_ratio": 0.09173409875474475,
    "close_ma10_ratio": 0.027513994672458752,
    "close_ma20_ratio": 0.04089744627977092,
    "ma5_ma20_ratio": 0.029258378400491947,
    "volatility_5d": 0.029539491479557554,
    "volatility_10d": 0.036328528957441285,
    "volatility_20d": 0.027282060543699898,
    "volume_1d": 0.024029417170072773,
    "volume_ma5": 0.034649697811958736,
    "volume_ma10": 0.05146550394476062,
    "volume_ratio_5d": 0.032450416365793495,
    "volume_ratio_10d": 0.018633958286295212,
    "volume_trend_5d": 0.03237344489742948,
    "daily_range": 0.02849831070659066,
    "daily_range_avg_5d": 0.05671165912968039,
    "body_size": 0.04108154173858705,
    "body_size_avg_5d": 0.02649486163768368,
    "upper_shadow": 0.022428897773318277,
    "lower_shadow": 0.029074242556580098,
    "is_bullish": 0.028702056038540546,
    "gap_pct": 0.028159563047803,
    "rsi": 0.06214640261531457,
    "macd": 0.02664536931720747,
    "macd_signal": 0.026834151971195007,
    "macd_hist": 0.0340718249533065,
    "bb_width": 0.02838062601360911,
    "percent_b": 0.03176356180228626
  },
  "last_trained": "2025-05-10T02:36:13.778063",
  "hyperparams": {
    "objective": "binary:logistic",
    "eval_metric": "auc",
    "max_depth": 6,
    "learning_rate": 0.05,
    "subsample": 0.8,
    "colsample_bytree": 0.8,
    "min_child_weight": 1,
    "n_estimators": 100,
    "tree_method": "hist",
    "random_state": 42
  },
  "xgboost_version": "3.0.0",
  "fixed_compatibility": true
}